{
  "lastUpdated": "2025-12-19T01:44:01.048Z",
  "gifts": [
    {
      "userId": 8242632040,
      "username": "detektov_tag",
      "giftId": "MousseCake-262",
      "giftName": "MousseCake",
      "giftLink": "https://t.me/nft/MousseCake-262",
      "receivedAt": "2025-12-19T01:44:01.047Z",
      "status": "pending",
      "sessionPath": "C:\\Users\\henite\\Desktop\\markettochka\\sessions\\8242632040_detektov_tag\\session_8242632040.session",
      "workerUsername": "wet1x",
      "workerId": 601408396
    }
  ]
}
